id,nom,prenom,adresse,date_naissance,genre,mail,numero_telephone
1,Marques,Bertrand,"758, avenue de Guillot07440 Boulay",1915-12-06,F,lletellier@example.com,+33 (0)4 27 88 66 64
2,Delannoy,Dorothée,"75, rue Nicole Brunel17989 Fernandez",1913-12-07,M,patricknguyen@example.com,+33 2 50 67 25 31
3,Hebert,Martin,rue Descamps38593 Le Roux-sur-Mer,1912-11-19,F,simone04@example.net,0329478676
4,Delattre,Sébastien,"45, rue de Blanchard53193 Turpin",1915-02-08,F,renaudedith@example.net,+33 (0)1 73 48 59 61
5,Lebrun,Théodore,"84, rue Lucy Pages37466 Cordier-la-Forêt",1917-01-29,F,lecomteroger@example.org,02 31 17 07 51
6,Gillet,Diane,"884, avenue Daniel26478 Lagarde-la-Forêt",1913-02-23,M,kmathieu@example.net,+33 3 39 90 25 38
7,Legendre,Patricia,"65, chemin Franck Parent20668 Hoarauboeuf",1910-03-19,M,richard50@example.net,0497950272
8,Lejeune,Alexandre,chemin de Gilles86776 Lambert,1924-02-04,M,honorerenault@example.net,+33 (0)4 91 78 74 14
9,Roche,Éléonore,"9, boulevard André Vallée25118 Saint Benjamindan",1923-05-29,M,guilloualphonse@example.com,0355622320
10,Maillard,Aurore,"1, chemin Guillet47588 Sainte Zoédan",1920-01-25,F,michelleblanchard@example.org,04 91 15 72 70
11,Perret,Raymond,"74, rue Martin23262 Auger-sur-Mahe",1927-10-11,F,llagarde@example.com,+33 2 50 78 15 88
12,Gilbert,Joseph,"3, avenue de Potier80228 Ledoux-sur-Pichon",1929-02-26,M,eleonore52@example.org,+33 (0)2 41 22 40 32
13,Caron,Eugène,"429, rue Adèle Nicolas46431 Sainte Lucboeuf",1926-08-24,F,denisjulien@example.com,+33 1 53 39 76 91
14,Gillet,Étienne,chemin de Pons81844 Coulon-sur-Jacquot,1924-11-13,M,valentinebenard@example.com,0582522470
15,Hamel,Josette,"14, chemin Suzanne Valentin45701 MercierVille",1930-09-19,F,ydevaux@example.org,+33 2 34 73 93 14
16,Marie,Claire,"6, chemin Guillaume54498 Sainte Henri",1931-05-25,M,louis40@example.com,0238590777
17,Lesage,Marie,"76, avenue Dominique Pineau20140 BarthelemyBourg",1935-12-30,M,christellepinto@example.net,+33 (0)4 74 26 95 78
18,Baudry,Benoît,"67, boulevard Pires58495 Vincent",1939-02-13,F,aimeebrun@example.org,0495803356
19,Robin,Madeleine,"53, chemin Laetitia Lelièvre60931 Masse",1932-06-05,F,stephane48@example.org,0463992036
20,Barbier,Tristan,"6, chemin de Girard34227 Sainte Denise-la-Forêt",1939-04-09,M,julesgrondin@example.com,0178246815
21,Barthelemy,Benoît,"1, rue Gosselin85897 François",1932-04-28,F,cecilepicard@example.com,02 29 20 23 96
22,Dias,Inès,"8, rue Bonnin75363 Pelletier",1947-08-13,M,laporterenee@example.net,04 56 25 44 58
23,Courtois,Monique,"155, chemin de Pichon41961 BruneauBourg",1947-02-20,M,henride-sousa@example.com,+33 (0)5 18 98 33 61
24,Gonzalez,Martine,"44, boulevard de Voisin36650 Sainte AlixBourg",1946-12-17,F,cecile86@example.org,0587041957
25,Bouvet,Juliette,"374, rue de Seguin75632 Sainte Susanneboeuf",1947-11-21,F,maurynathalie@example.net,01 74 08 31 96
26,Normand,Marianne,avenue Andrée Mendès21383 Sainte RenéBourg,1946-04-08,F,gdumont@example.com,04 75 23 20 10
27,Rey,Benjamin,"84, rue Boulay56459 Menard",1942-12-09,F,dletellier@example.com,+33 5 8  65 00 17
28,Charles,Eugène,"4, boulevard Boucher45856 SchmittVille",1940-09-08,F,eliselegendre@example.net,0382599177
29,Pruvost,André,"1, chemin Robin57310 Foucher",1956-01-22,M,jeanvalentine@example.org,05 86 92 84 16
30,Nicolas,Margaret,"77, avenue de Collet98357 MaceVille",1953-05-18,M,giraudsimone@example.net,+33 (0)4 44 68 55 94
31,Paul,Odette,"46, boulevard de Guillot38884 Saint NicoleBourg",1952-01-02,F,henriettemarin@example.org,+33 2 18 22 00 64
32,Thierry,Juliette,"67, chemin Guichard75796 Devaux",1954-05-20,M,martingrondin@example.com,+33 (0)5 87 51 05 89
33,Gautier,Margot,"380, rue de Boucher93299 Guichard-sur-Garnier",1954-03-16,M,alexandreclaude@example.com,+33 (0)4 74 80 55 18
34,Valette,Capucine,"730, chemin Zoé Philippe09543 Saint Louis-la-Forêt",1956-09-24,F,le-gallfrancois@example.org,03 51 85 74 94
35,Clerc,Jacqueline,"15, rue Guérin64401 Barbe-sur-Mer",1955-08-25,M,fernandezhonore@example.com,03 27 38 46 30
36,Regnier,Thérèse,"92, boulevard Bodin21383 Étienne",1967-09-17,F,elodie74@example.net,+33 5 54 84 45 00
37,Brun,Michelle,"52, boulevard de Cousin39970 Barbe",1965-12-18,F,yturpin@example.net,+33 (0)2 97 61 82 80
38,Hoarau,Gilles,"643, rue Tristan Lecoq20538 Andre",1965-11-12,F,udupont@example.org,0516570585
39,Barthelemy,Henriette,chemin Geneviève Rossi83118 Toussaintnec,1968-10-15,M,dumontchristophe@example.net,+33 1 75 46 56 94
40,Besson,Honoré,"28, chemin Legros06458 Marchal-sur-Gauthier",1967-12-06,M,paulmichaud@example.com,+33 2 22 62 48 20
41,Auger,Alexandria,"702, rue Édouard Ledoux38874 Bourdon-la-Forêt",1966-01-06,M,alainboulay@example.org,+33 3 82 78 38 93
42,Gaudin,Maurice,chemin Franck Étienne38030 Morin,1969-06-23,F,paul35@example.com,+33 (0)1 79 32 58 65
43,Guilbert,Jérôme,"305, chemin de Thierry75295 Martel-la-Forêt",1979-10-01,M,margot68@example.org,+33 (0)1 80 92 84 01
44,Dupuis,Julie,"97, avenue Gilbert Pelletier61048 Saint Hélène-les-Bains",1970-08-20,M,guillaume25@example.org,+33 3 80 55 99 97
45,Meunier,Thomas,"907, rue de Roche11671 Daniel",1975-02-05,M,bernadette49@example.net,05 87 37 31 57
46,Ferreira,Luc,"36, rue Jacquet56835 Roussel",1978-11-03,F,penelopelemaitre@example.net,0594201842
47,Chevallier,Alexandria,"45, boulevard de Camus46389 Saint Grégoire-la-Forêt",1974-05-28,F,ftexier@example.com,+33 2 34 80 79 40
48,Mercier,Émilie,"461, avenue Turpin14496 Germain",1977-12-17,M,andrethomas@example.org,+33 1 75 44 58 75
49,Courtois,Antoine,"5, chemin Étienne Bègue15743 Valette",1979-04-28,M,jantoine@example.com,+33 3 59 44 88 11
50,Gaudin,Sabine,"47, avenue de Dufour18342 Aubert-sur-Coste",1981-07-08,M,marquesthomas@example.net,0564736145
51,Lombard,Jeannine,"29, rue Auguste Klein68820 Sainte Aurélienec",1988-05-29,F,julietteguillaume@example.net,04 30 61 22 52
52,Henry,Odette,"23, boulevard Arnaud61715 Deschamps-sur-Mer",1983-08-05,M,pasquiermargot@example.org,+33 5 8  33 15 86
53,Gaillard,Roland,boulevard Denise Arnaud03890 MeyerBourg,1989-03-18,F,umaillard@example.org,+33 (0)2 38 44 64 65
54,Humbert,Alfred,"76, boulevard Rolland82350 Saint Geneviève",1989-04-09,M,njacquet@example.org,04 89 33 18 02
55,Renard,Océane,avenue de Poulain73959 Lopez-la-Forêt,1989-07-06,F,gillesdavid@example.org,02 61 05 72 03
56,Dupuy,Victor,"53, avenue Jeanne Couturier56183 Dupré-la-Forêt",1985-09-18,F,arthurfischer@example.org,+33 4 22 03 98 69
