id,nom,prenom,adresse,date_naissance,genre,numero_telephone,mail
1,Henry,Adèle,"12, rue de Fernandes62658 Dubois-les-Bains",1923-06-03,M,0362887192,lemaitremichelle@example.net
2,Jean,Olivie,rue Adrien Roche76520 Robin-les-Bains,1924-02-18,F,+33 1 55 71 58 79,vnoel@example.com
3,Clerc,Hortense,"56, chemin Toussaint86582 Berthelotboeuf",1922-07-03,F,0491821056,sseguin@example.org
4,Marques,Thibault,"80, rue de Cohen68630 WeberVille",1922-01-30,F,+33 3 88 92 82 85,marcevrard@example.org
5,Dumont,Joséphine,"16, rue Wagner91665 Grondin",1929-01-07,F,+33 (0)3 72 30 47 34,fbrunet@example.org
6,Bazin,André,"4, avenue de Barbe36939 Sainte Marthe",1927-04-13,F,01 42 35 64 82,colinmarthe@example.org
7,Étienne,David,"624, chemin de Poulain37002 Parent",1928-06-09,F,+33 1 72 72 00 23,dominiquebegue@example.org
8,Potier,Emmanuelle,rue Suzanne Raynaud44812 Hervé,1926-04-07,F,05 86 80 44 84,andree36@example.com
9,Diallo,Marine,"670, boulevard de Jourdan31006 Aubrydan",1923-06-14,M,+33 5 58 13 68 81,alfredclerc@example.net
10,Gaillard,Paul,"1, rue Frédéric Cousin02901 Saint Valentine-les-Bains",1926-10-31,F,+33 (0)4 79 78 20 22,andre72@example.org
11,Martins,Victoire,"5, boulevard de Reynaud87846 Ollivier",1924-04-18,F,+33 7 12 30 09 78,emmanuel15@example.net
12,Dumont,Isaac,"57, rue de Prévost44323 Menard",1922-09-23,F,0524905274,girardrobert@example.com
13,Benoit,Thomas,"63, rue de Picard22638 Gauthierboeuf",1929-08-22,F,+33 (0)2 77 98 21 74,denise75@example.com
14,Schneider,Colette,"74, rue Andrée Devaux86213 Texier",1920-01-22,M,+33 5 67 41 97 27,josephinelebrun@example.org
15,Bertin,Sébastien,"9, rue Dorothée Rocher90042 Bertin-sur-Mer",1925-03-04,M,+33 (0)3 61 02 44 30,marqueslaurent@example.com
16,Lesage,Sabine,"770, rue de Bouchet11604 Saint Paul",1920-06-26,M,+33 (0)3 82 77 91 42,margot49@example.net
17,Camus,Xavier,"1, boulevard Anne Reynaud24534 Tessier",1923-08-27,M,05 33 31 73 52,nathalie16@example.com
18,Verdier,Théophile,"78, rue de Klein68436 Martineau-la-Forêt",1929-07-27,M,0427851946,imace@example.org
19,Bertin,Alex,"34, avenue de Teixeira76352 Maillard",1920-11-16,F,+33 5 96 48 87 39,joseph89@example.org
20,Leclerc,Dominique,"20, avenue Isaac Alves56836 Guilbertboeuf",1922-07-25,F,01 78 97 79 39,nathalie05@example.com
21,Schmitt,Alain,"332, chemin de Pereira49851 Boucher",1925-12-11,M,+33 (0)1 53 24 34 91,yvesroche@example.net
22,Salmon,Lucie,"94, boulevard Fischer28739 Gérard",1920-12-03,M,+33 (0)5 16 49 77 77,vmoreno@example.net
23,Maury,Aimée,"7, avenue Lucas70440 Saint Laetitiadan",1927-07-28,M,02 32 66 30 00,robert96@example.org
24,Schneider,Aimée,"852, rue de Leduc97300 Sainte Emmanuelle",1922-11-28,M,0519267617,lorrainemaillot@example.com
25,Renault,Amélie,"58, chemin Rousset30487 Bonnin",1927-05-02,M,0531843939,barbenathalie@example.net
26,Grondin,Capucine,"56, chemin de Maillet84215 Hervé-sur-Ramos",1929-05-12,F,05 67 04 90 41,victoirelucas@example.com
27,Torres,Alexandria,"4, chemin de Gomes96771 TexierVille",1927-04-10,M,07 53 52 52 64,fjoly@example.net
28,Couturier,Anastasie,"9, boulevard de De Sousa49366 Legrosdan",1923-11-02,F,+33 (0)5 18 14 46 78,pintocatherine@example.org
29,Fernandez,Henriette,"19, chemin de Le Roux30240 Guyot-les-Bains",1925-07-21,M,+33 3 58 38 96 75,rodriguesalfred@example.net
30,Guillaume,Frédéric,"881, chemin Besnard72494 Meyer-sur-Colin",1928-11-06,F,+33 2 21 54 43 78,charriermarianne@example.com
31,Pineau,Zacharie,avenue de Fernandez76670 Seguinnec,1938-02-02,F,+33 (0)3 52 56 29 11,julieleduc@example.com
32,Marion,Alice,"1, chemin de Weiss19389 Samson",1939-08-28,M,+33 (0)2 28 71 85 71,margauxphilippe@example.net
33,Daniel,Margot,"9, chemin Adam47002 Carlier-la-Forêt",1932-08-02,F,03 85 05 11 10,laurenceletellier@example.com
34,Guibert,Laure,"695, rue de Blot51160 Martin",1934-04-28,M,+33 (0)3 25 26 26 63,ppelletier@example.net
35,Foucher,Christophe,"20, rue André Besnard14899 Lemonnier",1936-10-23,M,+33 (0)3 79 91 53 42,emilie66@example.org
36,Letellier,Thierry,"1, avenue Éric Merle33938 Saint Brigitte-sur-Mer",1934-02-16,M,+33 2 28 41 77 88,de-oliveiragabrielle@example.org
37,Léger,Lucas,"54, chemin Laurence Blanc61884 Poulain",1936-10-04,M,03 10 27 25 12,jmasse@example.org
38,Lambert,Patricia,boulevard Legrand90278 Saint Stéphanie,1938-06-15,M,+33 (0)2 96 42 95 74,philippine84@example.org
39,Perret,Diane,rue Anouk Legros85072 Da Costa,1939-04-09,M,0495661765,bourgeoisnath@example.com
40,Carlier,Marianne,"82, chemin Roland Blondel40625 Le Goff",1937-09-05,F,+33 (0)3 10 16 56 87,ssalmon@example.com
41,Arnaud,Suzanne,rue de Petit12691 Gros,1937-06-11,M,02 19 78 92 04,marguerite55@example.com
42,Vallée,Noël,"79, boulevard Renard89870 Saint Pauline",1939-05-16,M,+33 (0)3 21 59 86 59,timothee05@example.org
43,Parent,Laetitia,"52, rue Jérôme Ribeiro25571 JacquotVille",1936-12-28,M,0498143589,choarau@example.org
44,Buisson,Marianne,rue Julie Girard26037 Techer,1937-11-06,F,+33 (0)2 78 38 58 34,tristancousin@example.net
45,Huet,Gilbert,avenue Alex Lacombe85443 Saint Constanceboeuf,1930-08-04,F,+33 (0)2 85 03 20 58,cbenoit@example.net
46,Carpentier,Bernadette,"690, rue Carlier38825 Menard",1939-06-04,F,03 21 73 47 42,bchevalier@example.com
47,Duval,Paulette,chemin Jacques Gillet04582 Fabre,1934-05-07,F,+33 4 92 15 27 91,elodiepruvost@example.com
48,Rémy,Audrey,"77, chemin Bouvier41759 Saint Gérard",1933-07-10,M,+33 4 95 96 55 63,jacquesluc@example.net
49,Valentin,Caroline,boulevard de David77101 Boulay,1930-07-25,F,+33 3 64 77 33 83,giraudthomas@example.net
50,Benard,Alix,"34, chemin Nathalie Bazin80200 Saint Michellenec",1932-09-06,F,03 72 75 64 72,robert87@example.org
51,Boutin,Lorraine,"48, avenue Alfred Teixeira57079 Bruneauboeuf",1934-05-04,F,0524576815,cmary@example.com
52,Ramos,Grégoire,"871, rue Jeanne Blot26112 Caronboeuf",1934-12-09,M,01 88 16 26 33,guillonjules@example.net
53,Dupuy,René,"97, boulevard de Devaux44209 Bouvier-les-Bains",1937-01-31,M,02 48 82 24 00,celinegarnier@example.net
54,Pottier,Geneviève,"957, rue Christine Hamon39257 Ribeiro",1930-11-17,F,03 72 55 88 97,iferrand@example.net
55,Faivre,Juliette,"21, avenue Adèle Gaudin61756 Sauvage",1939-06-28,M,05 16 94 87 91,francoisemarechal@example.com
56,Petitjean,Joséphine,chemin Élodie Lemaire72915 Morel,1934-12-03,M,+33 (0)4 74 61 08 29,ldubois@example.org
57,Pineau,Christiane,"4, chemin de Hamel60792 Raymond",1939-11-21,M,0327555510,tblanc@example.org
58,Camus,Alfred,"9, avenue Nathalie Baron55006 Valléedan",1937-05-01,M,0276401964,emallet@example.net
59,Fouquet,Matthieu,"88, avenue Antoine01586 Saint Éléonore",1939-12-11,M,0471659976,colassusanne@example.com
60,Bouchet,Paul,"50, avenue de De Sousa35229 Normand-sur-Gérard",1933-12-24,F,0555433229,aregnier@example.org
61,Lefèvre,Bernard,"2, rue Moulin41771 Gomes-sur-Jean",1946-01-12,M,03 82 06 20 48,laurentcourtois@example.org
62,Giraud,Claude,rue de Laroche81138 JoubertVille,1949-08-27,M,+33 (0)3 53 70 26 89,iantoine@example.org
63,Fontaine,Aurélie,"40, rue Clémence Carpentier86249 Monnier-les-Bains",1948-05-31,F,+33 2 51 90 16 92,gerardcordier@example.com
64,Perez,Matthieu,"97, chemin Da Silva42450 Teixeira",1948-10-01,M,+33 (0)4 67 12 37 31,ilaporte@example.com
65,Martins,Madeleine,"5, rue Weber40744 Lecoq",1949-09-29,M,+33 (0)2 23 56 47 88,launayguillaume@example.com
66,Gomez,Élise,rue Grondin10341 Michel-sur-Mer,1944-07-30,F,+33 (0)4 13 78 52 08,tmorvan@example.net
67,Dumont,Eugène,"268, rue François Cohen66336 Verdier",1947-05-20,F,+33 (0)5 47 06 30 40,marcel04@example.net
68,Dupuy,Roger,"10, rue Charles61547 Perrot",1948-06-26,M,+33 (0)4 90 69 03 29,bodingeorges@example.org
69,Faure,Richard,"42, rue de Arnaud91789 Sainte CharlotteBourg",1942-07-28,F,0355084012,igay@example.org
70,Caron,Emmanuel,"543, avenue Jérôme Roche28097 Delormeboeuf",1940-11-30,M,03 85 54 77 88,dmoulin@example.net
71,Pages,Manon,"1, rue Marthe Laurent27860 Dijoux-sur-Louis",1944-10-02,F,+33 (0)5 65 01 90 49,tristan21@example.com
72,Garnier,Lucas,"77, boulevard Bertrand Deschamps25671 Dias",1949-10-19,M,+33 4 74 94 54 62,emmanuelle79@example.org
73,Clément,Roland,"34, boulevard de Besson28897 Diallodan",1947-07-21,F,0444595064,boyerdominique@example.com
74,Martin,Brigitte,"97, avenue Mathilde Guibert12103 Marin",1942-10-10,F,0231583909,francoise37@example.com
75,Merle,Julie,avenue Olivier Briand45933 MartinezVille,1948-09-03,M,0470817537,hbouvier@example.org
76,Michaud,Audrey,avenue de Julien36405 Techer,1940-02-22,F,+33 (0)3 61 90 88 75,cgallet@example.com
77,Pons,Christophe,"829, chemin Marie Leroux69531 Daniel",1946-01-13,M,05 58 25 02 58,amelietorres@example.net
78,Vidal,Martin,"5, chemin de Morvan25498 Deschamps",1945-10-14,F,05 86 64 48 82,margot89@example.com
79,Coste,Corinne,"52, boulevard de Legros56279 Sainte Carolineboeuf",1942-11-05,F,0533827456,daniel65@example.net
80,Delahaye,Suzanne,"571, rue Alix Chauveau78780 Sainte Maryse",1943-04-02,F,05 56 78 54 73,maheemmanuel@example.com
81,Hamon,Alexandre,"74, rue Monique Ledoux31784 Rey",1943-10-10,F,+33 5 32 04 38 16,marguerite06@example.org
82,Hubert,Gilbert,avenue de Henry02745 Huetboeuf,1940-01-05,F,+33 4 50 45 72 41,oceane41@example.com
83,Potier,Guy,chemin Hardy07323 Saint Christophe,1940-08-01,M,0567987123,diazanouk@example.org
84,Guichard,Matthieu,"687, chemin Éric Ferreira42955 Vallet-sur-Mer",1944-06-14,M,0422090313,eleonoreollivier@example.net
85,Picard,Margot,"55, avenue de Brunel87027 Ferreira",1944-07-27,F,0233952643,remy43@example.com
86,Mathieu,Richard,"314, rue Morvan92000 Saint Andrédan",1945-12-09,M,0587912063,antoinettealves@example.org
87,Philippe,Marcelle,"42, rue de Pages09793 Gaudin",1947-06-25,M,+33 (0)4 11 11 01 41,brunluc@example.org
88,Barbier,Marie,"6, avenue Susanne Bouchet70049 Barre-sur-Legendre",1940-01-10,M,+33 (0)5 87 25 45 82,isaac75@example.net
89,Didier,Théophile,"6, chemin de Delaunay34276 Chauvin-sur-Poirier",1945-11-15,M,+33 4 22 44 95 44,jeromemarie@example.org
90,Valentin,Aurore,"727, rue Marchal81687 Dupuy",1948-06-04,M,+33 (0)5 53 36 00 33,veroniquerousset@example.org
91,Lemaître,Jacques,"441, rue Margaud Fabre33411 Sainte Céline",1954-04-10,F,+33 (0)4 84 96 26 29,poulainfrancois@example.com
92,Boutin,Timothée,rue Antoine Lesage02387 Richardnec,1958-10-10,F,0169806869,massecaroline@example.org
93,Leduc,Michel,rue Regnier46458 Saint JulienVille,1957-02-14,F,04 34 72 07 56,raymondlaunay@example.com
94,Blanc,Timothée,rue de Buisson37500 Chauveau,1954-07-24,F,+33 2 76 27 35 61,roland88@example.com
95,Allard,Aurélie,"30, chemin Lacombe18026 Sainte Paul",1954-09-07,F,+33 2 61 25 07 82,carrebenjamin@example.com
96,Camus,Matthieu,"4, boulevard de Blondel33067 Meyer",1950-12-01,F,+33 (0)4 58 44 58 39,thibaultdaniel@example.com
97,Marie,Anastasie,"90, rue Gérard Lecomte82315 Lopes",1956-03-14,M,02 35 72 21 38,aweber@example.org
98,Petit,Bernard,"24, boulevard de Jacob49470 Hamel-sur-Petit",1951-08-31,F,+33 5 62 97 02 10,arnaude99@example.net
99,De Oliveira,Louis,"7, avenue de Rey25846 Teixeira-sur-Millet",1952-04-23,F,+33 3 26 87 91 87,ede-oliveira@example.com
100,Legendre,Éric,"98, avenue Alexandre50858 Denis-sur-Bertin",1957-09-30,M,0457247008,margotferrand@example.net
101,Blot,Jacqueline,"58, rue Perez54016 Navarro-sur-Olivier",1955-09-07,M,0164193913,colette11@example.com
102,Maillet,Astrid,"78, rue Collin01259 Bertin",1956-06-15,M,01 75 07 65 84,ibernier@example.com
103,Lecomte,Jean,avenue de Vincent26700 Gonzalez,1951-01-21,F,0322336449,jacques58@example.org
104,Fernandes,Arthur,"56, rue Léon Bruneau29702 Breton-sur-Mer",1957-07-19,F,04 88 40 10 46,jpascal@example.net
105,Ollivier,Olivier,"2, chemin Camille Payet61905 Foucherdan",1959-03-04,M,0299315234,blinaugustin@example.org
106,Maillard,Raymond,"3, avenue de Alves95273 Saint Zacharie",1956-01-25,F,+33 3 68 95 26 75,nath65@example.org
107,Collin,Michèle,avenue Cordier57022 Barthelemy-sur-Imbert,1954-08-01,F,01 72 45 65 82,danielle79@example.org
108,Lemoine,Jacqueline,"88, avenue Honoré Leleu52492 MartinezBourg",1953-04-18,F,0142032614,bertinlaetitia@example.com
109,Mary,Matthieu,"116, avenue Leclerc22726 Saint AnneVille",1950-01-05,F,01 69 69 52 64,tmonnier@example.net
110,Leclercq,Gilbert,"250, boulevard de Bouvet06381 Normand",1957-11-07,M,0426157220,elisabethnoel@example.net
111,Grenier,Benjamin,chemin Clerc78850 Hernandez,1958-02-14,F,02 23 78 13 37,jerome85@example.org
112,Peron,Renée,"5, avenue de Étienne32051 Costa",1955-05-03,F,0252161845,remy99@example.com
113,Guillon,Emmanuel,"2, avenue Huet30091 Saint Adèle",1955-12-12,F,02 55 73 96 18,sauvagesophie@example.org
114,Pereira,Pierre,"987, rue de Gonzalez47701 Poirierdan",1959-04-22,M,+33 (0)2 54 39 69 19,jacquetthibaut@example.com
115,Cordier,Lorraine,avenue Evrard36503 Fernandesnec,1953-11-01,M,03 70 09 43 04,duhameljosephine@example.net
116,Dufour,Frédéric,rue de Bazin52575 Saint Lucy,1959-09-10,M,+33 (0)3 62 80 63 55,antoinette91@example.com
117,Labbé,Bernard,"72, rue Henri Rivière68130 Vaillant",1955-08-01,M,03 86 32 67 47,camillelaporte@example.org
118,Lagarde,Odette,rue Grégoire Fontaine64765 Marty-sur-Mer,1950-12-18,M,04 77 40 25 10,diallogilbert@example.net
119,Chauvin,Olivier,"73, chemin Marcelle Humbert32490 Gonzalez",1951-03-17,M,+33 3 25 02 52 29,pierre20@example.org
120,Girard,Olivie,"707, rue de Marty86969 Philippeboeuf",1956-07-18,M,+33 (0)5 40 99 50 87,qperrier@example.org
121,Denis,Daniel,"89, avenue Alexandrie Mahe82566 Sainte Maurice",1968-07-20,M,0524356106,regnierhenri@example.com
122,Pires,Christelle,avenue de Olivier18812 Girardboeuf,1961-03-04,M,0469682526,marc99@example.com
123,Royer,Élise,"88, rue Élodie Lemoine36881 Martin",1964-11-03,M,0143659230,marthefrancois@example.com
124,Schneider,Élise,"27, rue de Pereira43595 Tessier",1966-05-10,M,03 70 79 22 57,oguillet@example.net
125,Léger,Charles,"74, rue Bouchet41632 Sainte Jeannine",1968-06-09,M,0498356520,mpetit@example.org
126,Legrand,Jeanne,"12, rue Frédérique Jourdan70446 Garcia-sur-Roy",1960-10-24,F,+33 (0)5 47 55 65 60,stephanie72@example.net
127,Ribeiro,Marcelle,"12, rue Seguin68072 Saint Christelle",1964-01-22,M,03 90 14 26 22,ferreiracecile@example.net
128,Pasquier,Nicole,"38, chemin de Olivier74851 Neveu",1965-11-03,M,+33 2 33 66 01 18,xroussel@example.net
129,Monnier,Théophile,"97, boulevard Frédéric Neveu34778 Breton",1969-06-03,M,+33 (0)4 76 57 05 49,faivreaugustin@example.net
130,Evrard,Bernard,avenue Gérard Muller98875 Sainte Margaud,1961-04-02,F,01 40 47 46 43,gerarddavid@example.com
131,Chrétien,Sophie,"46, chemin Nathalie Evrard32618 Maurydan",1964-07-13,M,+33 1 55 35 96 47,elodie67@example.com
132,Verdier,Michelle,"798, chemin Collin09124 Jean",1964-11-13,M,+33 (0)3 86 36 57 56,lorraine64@example.com
133,Leroux,Michelle,"42, rue Delattre23276 Devaux-la-Forêt",1960-01-12,M,0486563087,capucinemeyer@example.com
134,Loiseau,Gabriel,"80, rue Mace82177 Lévydan",1969-08-25,F,+33 (0)2 41 48 49 76,xavierblanchard@example.net
135,Bonneau,Édith,"219, rue Lucie Imbert09417 Roux",1960-06-14,F,+33 4 97 69 88 62,francoisstephane@example.net
136,Gautier,Marianne,"3, rue Richard Baudry26690 Sanchez",1966-09-13,F,+33 5 55 69 17 26,bernardsanchez@example.com
137,Bègue,Sébastien,"5, boulevard Noël98279 Saint Catherine-sur-Mer",1969-08-22,M,+33 4 82 84 77 75,glaurent@example.net
138,Olivier,Céline,boulevard de Allard02105 Mendès,1964-07-25,M,0223078209,cpinto@example.net
139,Gros,Arthur,rue Breton69449 Michel,1965-01-12,F,0534539716,loiseaumaggie@example.org
140,Loiseau,Valérie,"27, boulevard Astrid Delorme30196 Saint Richard",1965-01-20,F,+33 (0)4 72 92 15 53,boucherlaure@example.net
141,Navarro,Bernadette,"55, rue Pierre49586 Saint Élisabeth",1964-04-06,M,+33 2 79 14 30 56,hoarauhenri@example.org
142,Reynaud,Georges,"6, rue de Chauveau56017 Bertin",1962-08-23,M,03 39 19 81 68,sabine58@example.com
143,Marion,Vincent,"8, boulevard Marion57521 Henry-sur-Foucher",1965-02-11,M,+33 (0)2 46 37 86 78,treynaud@example.net
144,Boulay,André,"529, avenue Perrin47589 Pascal",1961-08-23,F,04 79 45 44 87,boutinxavier@example.org
145,Evrard,Thérèse,"664, rue Martinez08344 Barre",1965-03-07,M,0469585844,rperrin@example.net
146,Lebreton,Margaret,"52, boulevard Maggie Besson54630 Sainte Jeanne",1962-12-05,F,04 80 69 98 95,gfleury@example.org
147,Courtois,Christiane,"8, chemin Ruiz47987 LambertVille",1963-04-15,M,+33 (0)3 71 14 17 54,bonnindominique@example.com
148,Traore,Auguste,rue de Gillet99813 Lopez,1964-01-20,F,+33 3 69 68 99 82,margueriteboutin@example.org
149,Rémy,Caroline,"92, avenue Berthelot12581 MartyVille",1964-10-25,F,+33 5 40 60 67 09,wgay@example.org
150,Guyon,Aimé,"42, boulevard de Vasseur46930 Guilbert-la-Forêt",1967-09-07,F,03 70 80 28 02,bouvierthomas@example.org
151,Blin,Xavier,"2, chemin Rousseau71522 Duvaldan",1977-07-29,M,+33 (0)3 45 66 99 50,leon00@example.org
152,Gaillard,Michelle,"8, chemin de Chauvin68437 Saint VincentBourg",1973-08-03,F,0563590376,robertchristine@example.net
153,Faivre,Stéphanie,boulevard Hernandez23388 Marin,1970-07-04,M,0420906247,olivier92@example.net
154,Legrand,Alfred,"797, chemin Berger51798 Pagesdan",1979-07-27,M,0329383207,ifontaine@example.org
155,Albert,Colette,"819, boulevard de Gomes11584 LacombeBourg",1970-07-07,M,01 82 50 00 34,phenry@example.org
156,Delorme,Alexandre,boulevard Blondel69233 Roy,1975-12-18,F,0486880489,glecoq@example.com
157,Giraud,Émile,"29, boulevard Émilie Gaillard99532 Delannoy-sur-Lamy",1979-12-04,M,03 63 61 20 35,josephherve@example.net
158,Leconte,Constance,"14, rue Ribeiro28590 Salmonnec",1970-06-26,M,+33 2 32 98 93 64,marie50@example.com
159,Renaud,Josette,"323, chemin Perret00621 Lecoqnec",1974-10-19,F,+33 (0)5 17 64 56 93,elodie92@example.net
160,Masson,Victoire,"5, chemin de Neveu73809 Weiss-sur-Mer",1976-11-14,F,04 84 02 95 05,brigittehuet@example.com
161,Couturier,Gilbert,"88, boulevard Couturier27817 Sainte Marcelle-les-Bains",1971-10-08,M,05 58 86 40 62,lamymargot@example.org
162,Masson,Nicolas,"17, avenue Lucas Weber87158 Pruvost",1977-08-23,M,05 63 78 55 18,pariseugene@example.com
163,Bernier,Théodore,"44, boulevard Laure Legrand12543 Picard-sur-Rivière",1974-12-24,F,+33 2 57 34 71 19,colette56@example.net
164,Andre,William,"39, rue de Jourdan14585 Samson",1974-08-27,M,02 54 04 19 85,benoitjulien@example.net
165,Sanchez,Marine,"29, avenue de Gérard81935 Mercier-sur-Poulain",1970-12-20,F,0488862854,raymond35@example.net
166,Martins,Éric,rue Marchand20029 Sainte Françoise,1972-03-03,M,01 53 84 25 80,francoisemercier@example.com
167,Legros,Jules,"96, boulevard Renée Rousseau08410 Coste",1973-04-25,F,03 64 32 68 82,aimemasson@example.org
168,Denis,Eugène,"61, chemin Leblanc51937 Michel",1972-03-20,F,04 95 46 92 54,lucyclerc@example.org
169,Marie,Virginie,"60, chemin Marchand49710 Albert-les-Bains",1975-10-19,F,+33 4 82 11 56 49,colette47@example.com
170,Rodrigues,Alain,"8, chemin Noël Ollivier84524 Boyer",1974-12-24,M,03 90 62 87 94,emmanuelle63@example.net
171,Lombard,Suzanne,"26, avenue de Huet00000 Sainte Monique",1978-11-29,M,+33 5 53 23 54 78,mbriand@example.net
172,Le Goff,Frédérique,"72, boulevard de Da Costa14585 Gosselin-les-Bains",1979-09-04,M,02 44 79 22 59,imendes@example.org
173,Coste,Anne,"24, boulevard Fleury34435 Saint Colette",1970-04-19,M,+33 (0)4 42 46 92 46,roland23@example.net
174,Dias,Bernard,"73, chemin Jeanne Renard87742 Hoareau-les-Bains",1972-11-21,M,+33 4 74 56 21 15,virginiede-sousa@example.org
175,Petit,Émilie,"832, avenue de Devaux79689 Faure",1976-01-10,F,0323767331,andre03@example.net
176,Launay,Adèle,"12, avenue Bourgeois39842 RodriguezVille",1972-12-08,M,0356275909,charpentierroger@example.net
177,Thibault,Théodore,"4, boulevard Blanchet68014 Auger",1971-03-28,M,+33 4 22 65 83 50,elisabethperret@example.net
178,Salmon,Théodore,"50, avenue Lecomte40948 Diaz-sur-Roy",1974-04-18,F,02 35 31 05 68,bernadettelopez@example.net
179,De Sousa,Augustin,"515, boulevard Guy Adam39399 Fernandes-les-Bains",1977-07-07,M,+33 2 29 33 99 97,anouk43@example.org
180,Laine,Laetitia,rue Bouvet84162 Lefèvre,1979-08-31,F,+33 2 61 00 51 09,ebodin@example.com
181,Salmon,Capucine,chemin Jacques Roux22280 Sainte Clairedan,1982-01-13,M,0214416622,potiersimone@example.org
182,Brunel,Audrey,"41, chemin Lefèvre41067 Pereznec",1986-02-04,M,+33 (0)3 88 63 03 35,julienmerle@example.com
183,Coulon,Lucy,"4, chemin de Couturier25668 Le Gallboeuf",1986-03-16,M,+33 5 87 23 49 31,patrick83@example.net
184,Evrard,Joséphine,"60, chemin Blin71449 Collin",1988-07-31,M,0345539448,gerardcordier@example.org
185,Roux,Charles,"103, boulevard Victoire Perrier95571 PhilippeVille",1980-04-10,M,+33 3 26 94 24 67,roger80@example.net
186,Laurent,Élisabeth,"9, rue Marianne Payet09174 Dos Santosdan",1988-10-19,M,0153659596,blondeljulien@example.org
187,Pottier,Josette,avenue de Mary95234 Sainte NicolasBourg,1983-10-22,F,02 53 70 20 69,ldiallo@example.com
188,Rodriguez,Lucie,rue Leroy52740 Philippe,1983-07-12,M,+33 1 72 84 81 91,jacquotpatricia@example.net
189,Techer,Laurent,"22, avenue Inès Lefèvre88103 Roy",1988-07-15,M,+33 1 44 96 09 99,sabinedelattre@example.net
190,Blanc,Julien,"312, rue de Pinto18806 Le Gall",1989-05-07,M,+33 5 94 36 82 31,fpetit@example.net
191,Regnier,Gérard,"31, rue de Voisin50499 Pasquier-sur-Maillot",1985-07-16,F,+33 4 81 97 76 31,pruvostchantal@example.net
192,Maillet,Anastasie,"9, rue Antoine Delmas64029 Charles",1988-09-26,F,+33 4 86 28 02 42,lemoinehelene@example.com
193,Simon,Luce,"37, avenue de Guilbert82163 Da Silva-la-Forêt",1980-02-05,F,+33 (0)4 32 44 12 04,huguesneveu@example.org
194,Deschamps,Sylvie,"15, rue de Deschamps67520 Sainte DominiqueVille",1986-11-24,F,0134842527,maggie58@example.org
195,Parent,Michelle,rue de Chevallier04647 Bodindan,1984-08-26,F,+33 (0)5 17 39 16 19,bigotwilliam@example.org
196,Neveu,Susanne,"1, rue de Richard89949 Danielnec",1985-11-16,M,0558490638,juliette27@example.net
197,Royer,Manon,"3, boulevard Renée Gilbert14250 Sainte Élisabethdan",1983-04-17,M,+33 (0)4 99 62 31 64,philippe61@example.org
198,Da Silva,Élise,"251, chemin de Alves37046 Saint Emmanuellenec",1981-04-16,F,+33 (0)2 76 21 99 17,roland51@example.com
199,Rousseau,Michèle,"62, chemin Renard79310 Sainte Henri-sur-Mer",1984-03-28,F,+33 2 23 24 21 75,valentineparis@example.com
200,Jacquet,Jean,"39, avenue Georges82436 Saint Bernard-sur-Mer",1980-02-16,M,02 85 69 92 46,zlacombe@example.net
201,Fernandez,Martin,"55, boulevard de Faure33087 Sainte Marineboeuf",1986-01-25,F,+33 (0)1 64 52 83 34,lemairepaul@example.com
202,Delaunay,Maurice,avenue de Bonneau81591 Dupré,1986-02-10,F,+33 2 61 76 80 53,danielbourdon@example.org
203,Renard,Arthur,rue Eugène Lecoq32072 Richardnec,1988-03-23,F,02 33 67 95 73,marycorinne@example.net
204,Blanchet,Catherine,"69, rue de Boulanger20000 Petitjean",1984-01-09,F,+33 (0)2 29 31 81 15,tleblanc@example.org
205,Henry,Victor,rue de Martinez17897 Guillou,1983-12-11,M,+33 2 35 07 95 49,alphonse72@example.net
206,Morvan,Jules,"60, avenue Voisin62650 Sainte Élodie-sur-Mer",1982-10-01,F,0155222601,nicolas41@example.net
207,Giraud,Madeleine,"602, boulevard Brun88871 MaheVille",1986-08-22,F,0130981570,nguyenlouis@example.org
208,Le Gall,Anouk,avenue Jules Robin47424 Humbert,1984-03-23,M,0415217470,josephinedias@example.org
209,Antoine,Thierry,"24, rue Buisson62296 Masse",1984-10-13,M,04 27 78 09 25,bergerpatrick@example.com
210,Chrétien,Pauline,"43, chemin de Clément78420 Loiseau-sur-Vidal",1989-11-22,M,03 60 95 21 99,ponsalexandria@example.org
211,Masson,Laurent,"19, avenue Stéphane Mallet22674 DuvalVille",1996-12-24,F,05 49 18 50 79,alicejacob@example.org
212,Delattre,Marguerite,"980, avenue de Payet64097 LaineBourg",1996-09-04,M,+33 4 72 79 26 73,wmaillot@example.net
213,Pasquier,Cécile,"48, boulevard de Martin79638 Leduc",1992-07-11,F,0327384838,francoiselaine@example.com
214,Delahaye,Corinne,"8, boulevard de Bègue31366 Saint HuguesVille",1994-01-23,F,+33 (0)5 58 35 30 16,cmace@example.net
215,Delmas,Marie,"8, rue Adam74477 Bonneaunec",1994-12-09,M,0345871585,moniqueprevost@example.com
216,Fournier,Colette,"2, rue Foucher16719 Payet-sur-Mer",1991-07-25,M,0178070340,lduval@example.org
217,Hubert,Aurélie,"68, rue Marcelle Millet71089 Gaudin-sur-Poirier",1994-05-12,F,04 49 57 56 04,rlaurent@example.net
218,Michaud,Geneviève,"17, avenue Collet41103 Fernandez",1990-07-21,M,0299292242,ceciledelattre@example.com
219,Wagner,Matthieu,chemin de Poirier72290 Le Goff,1998-07-11,F,02 99 63 72 90,vmahe@example.net
220,Ribeiro,Claire,"12, boulevard Colette Gauthier34121 Labbé",1990-01-28,M,+33 2 79 41 99 50,opoirier@example.org
221,Legrand,Élise,"89, rue Clémence De Sousa40179 François",1993-12-30,F,04 26 13 95 39,arthur65@example.org
222,Maillet,Patrick,"76, boulevard Daniel Loiseau70081 François",1990-04-10,M,0248196858,theodore99@example.com
223,Gimenez,Maurice,"78, avenue Devaux77761 Saint Paul-sur-Mer",1993-10-06,M,+33 5 87 41 40 15,duboisnicolas@example.org
224,Chrétien,Christiane,"74, boulevard Leroy62599 Jacquot",1994-06-24,F,+33 4 50 80 64 00,nbrun@example.org
225,Lebrun,Arthur,"64, chemin Paulette Muller05934 LeclercBourg",1997-04-17,M,03 82 47 69 18,aime25@example.org
226,Wagner,Emmanuelle,"18, rue Joseph Godard57913 CouturierVille",1993-11-14,M,+33 (0)3 89 41 84 84,valerie28@example.com
227,Morin,Charlotte,"55, rue Cousin71482 Hebertnec",1990-03-11,M,04 43 55 35 97,petitjeanthibaut@example.net
228,Ribeiro,Alex,"670, rue Joubert77192 Humbert-les-Bains",1997-05-31,F,+33 4 93 10 66 06,eleonoreturpin@example.org
229,Rousseau,Xavier,chemin Arnaud69044 Lombard,1990-09-12,M,03 80 37 05 76,marchandcaroline@example.org
230,Descamps,Aimé,"767, rue de Guillot28918 Saint Pénélope",1995-07-13,F,0344510908,lebonhenriette@example.net
231,Paul,Jérôme,"45, boulevard Yves Jacquet70961 Muller-sur-Auger",1994-05-05,F,+33 (0)1 48 46 00 07,michelpierre@example.com
232,Pasquier,Philippe,"56, avenue Patricia Pascal55504 Albert-sur-Guichard",1996-03-17,F,0231721685,mpoirier@example.net
233,Thibault,Anaïs,"952, rue Adrienne Blot43415 Toussaint",1991-09-16,M,+33 (0)5 58 30 95 79,manoncosta@example.org
234,Michaud,Olivie,"94, avenue de Goncalves34192 BarbeVille",1999-01-07,M,+33 2 40 33 77 50,veroniquehoarau@example.com
235,Fischer,Emmanuelle,"7, chemin Clémence Fabre17352 Diaz",1998-10-22,F,+33 1 78 89 92 83,alphonse82@example.net
236,Millet,Zoé,"4, rue Audrey Michaud82663 Sainte Geneviève",1995-03-31,F,+33 (0)3 68 74 09 87,gaymarguerite@example.net
237,Leroux,Caroline,"80, rue Laurent Pierre46196 Guillou",1992-02-04,F,+33 1 82 50 09 53,renee46@example.com
238,Dumas,Rémy,"46, rue de Antoine02471 Nguyen-sur-Normand",1992-07-21,M,+33 4 37 37 79 99,sjoubert@example.org
239,Baron,Roland,"50, rue de Garnier63092 Fleury-sur-Gillet",1998-03-08,M,+33 (0)4 44 55 42 17,nathlacroix@example.com
240,Boucher,Juliette,"44, chemin Gabriel Laurent07304 Hernandez-sur-Hervé",1993-08-04,M,02 31 10 32 27,eguillaume@example.net
